id,name,definition,purpose,status,meta_meta,examples,relations,created,updated
C_10,Инвестирование и учет времени,"Практика осознанного распределения временных ресурсов между различными активностями с отслеживанием их влияния на карьерные цели. Включает планирование времени на основе приоритетов, фиксацию фактических затрат и анализ эффективности вложений времени в разные виды деятельности.","Обеспечивает осознанное управление главным невосполнимым ресурсом — временем. Позволяет выявлять временные утечки, оптимизировать распределение усилий между текущими задачами и долгосрочным развитием, повышать отдачу от инвестиций в обучение и карьерный рост.",draft+filled,Метод,Еженедельный анализ времени по категориям; Трекинг времени на обучение vs рабочие задачи; Планирование слотов для приоритетных проектов; Учет времени на практики саморазвития; Анализ ROI временных инвестиций,relates_to:C_21; relates_to:C_27; relates_to:C_28; relates_to:C_35; relates_to:C_36; relates_to:C_37; relates_to:C_50; relates_to:C_51; relates_to:C_53,2025-10-02T15:58:57.449181,2025-10-02T16:09:59.636295
C_11,Исчезающие заметки,"Быстрые записи мыслей, идей или наблюдений, которые делаются в момент возникновения без намерения их долгосрочного хранения. Служат для фиксации мимолетных инсайтов и освобождения оперативной памяти мозга. После обработки или переноса в постоянную систему знаний могут удаляться или архивироваться.","Захват спонтанных идей и предотвращение их потери, снижение когнитивной нагрузки, создание буферной зоны между потоком мыслей и структурированной системой знаний. Особенно важны для творческих профессионалов и людей с высокой интенсивностью мыслительной деятельности.",draft+filled,Артефакт,Заметка в телефоне во время прогулки; Стикер на мониторе с идеей; Голосовое сообщение себе; Набросок на салфетке; Пометка на полях книги,relates_to:C_24; relates_to:C_26; relates_to:C_54,2025-10-02T15:58:57.449699,2025-10-02T16:10:15.846000
C_12,Калибр личности,"Совокупность профессиональных и личностных характеристик, определяющих уровень влияния, доверия и возможностей человека в карьерной среде. Включает экспертизу, репутацию, коммуникативные навыки и способность решать задачи возрастающей сложности. Отражает готовность брать на себя ответственность и создавать ценность для других.","Помогает оценить текущий уровень профессионального развития и определить направления роста. Позволяет выбирать подходящие роли и проекты, строить карьерную стратегию с учетом реальных возможностей. Используется для планирования инвестиций в развитие компетенций и репутации.",draft+filled,Характеристика,Переход на роль тимлида после накопления экспертизы; Получение приглашений на сложные проекты; Рост зарплатных предложений; Формирование личного бренда в профессиональном сообществе; Способность влиять на стратегические решения команды,relates_to:C_2; relates_to:C_3; relates_to:C_23; relates_to:C_43; relates_to:C_45; relates_to:C_46,2025-10-02T15:58:57.450182,2025-10-02T16:10:27.504416
C_13,Карта ролей / карта системы карьеры,"Визуальное представление всех профессиональных и личных ролей человека с указанием их взаимосвязей, приоритетов и временных затрат. Включает текущие роли, желаемые роли и переходы между ними. Показывает, как роли влияют друг на друга и какие ресурсы требуют.","Помогает осознать полную картину своих обязательств, выявить конфликты ролей и возможности для синергии. Используется для принятия решений о карьерных переходах и балансе жизненных приоритетов.",draft+filled,Артефакт,Схема с ролями «разработчик-тимлид-отец-блогер»; Матрица ролей с указанием времени и энергии; Диаграмма желаемых переходов между ролями; Карта конфликтов и синергий ролей; План развития от текущих к целевым ролям,relates_to:C_46; relates_to:C_14; relates_to:C_48; relates_to:C_27,2025-10-02T15:58:57.450602,2025-10-02T16:10:39.887381
C_14,Карьера,"Последовательность профессиональных ролей, проектов и достижений человека, развивающаяся через осознанные инвестиции в мастерство, репутацию и социальные связи. Включает как формальные позиции в организациях, так и личные проекты, предпринимательство и экспертную деятельность. Не путать с карьерным ростом — карьера это вся траектория, а рост — её отдельные этапы повышения статуса или компетенций.","Обеспечивает рамку для планирования профессионального развития, принятия решений о смене ролей и инвестициях в обучение. Позволяет оценивать текущее положение и выстраивать стратегию достижения желаемых позиций через накопление мастерства и репутации.",draft+filled,Система,Переход на позицию тимлида; Запуск консалтингового бизнеса; Развитие экспертности в машинном обучении; Построение личного бренда через публикации; Смена индустрии с сохранением профессии,relates_to:C_13; relates_to:C_15; relates_to:C_48; relates_to:C_2; relates_to:C_23; relates_to:C_43; relates_to:C_45; relates_to:C_46,2025-10-02T15:58:57.451018,2025-10-02T16:10:59.361421
C_15,Карьерный рост,"Процесс целенаправленного развития профессиональных возможностей через повышение мастерства, расширение ролей и увеличение влияния. Включает продвижение по должности, освоение новых компетенций, рост доходов и профессионального признания. Отличается от карьеры как системы тем, что фокусируется на динамике изменений, а не на текущем состоянии.","Обеспечивает направленное движение в профессиональной деятельности, помогает планировать следующие шаги развития и измерять прогресс. Создаёт основу для принятия решений о смене ролей, развитии компетенций и инвестировании времени в приоритетные области.",draft+filled,Метод,Переход на позицию тимлида; Освоение новой технологии для текущей роли; Получение сертификации; Увеличение зарплаты на 30% за год; Выступление на профессиональной конференции,relates_to:C_14; relates_to:C_23; relates_to:C_46; relates_to:C_33; relates_to:C_53; relates_to:C_27,2025-10-02T15:58:57.451444,2025-10-02T16:11:11.215299
C_16,Киберличность,"Цифровая идентичность профессионала, включающая онлайн-репутацию, цифровые следы активности и способность эффективно взаимодействовать в цифровой среде. Объединяет управление личным брендом в интернете, цифровые компетенции и стратегическое присутствие на профессиональных платформах.","Формирование узнаваемого профессионального образа в цифровом пространстве, расширение карьерных возможностей через онлайн-присутствие, создание дополнительных каналов для демонстрации экспертности и установления профессиональных связей.",draft+filled,Характеристика,Профиль в LinkedIn с регулярными публикациями; Личный блог или канал по профессиональной тематике; Участие в онлайн-конференциях и вебинарах; Цифровое портфолио работ; Активность в профессиональных сообществах,relates_to:C_3; relates_to:C_43; relates_to:C_45; relates_to:C_44,2025-10-02T15:58:57.451867,2025-10-02T16:11:24.230034
C_17,Конвейер работ,"Организованная последовательность рабочих задач и проектов, где каждый элемент проходит через определённые стадии выполнения с чёткими переходами между ними. Включает входящие задачи, активные работы, проверку качества и завершённые результаты. Обеспечивает непрерывный поток создания ценности через структурированное управление рабочими процессами.","Поддерживать стабильную продуктивность через визуализацию и контроль рабочих процессов. Предотвращать перегрузку и простои, обеспечивать качественное выполнение задач. Создавать предсказуемый ритм работы и возможность планирования загрузки на основе пропускной способности системы.",draft+filled,Метод,"Канбан-доска с колонками ""К выполнению - В работе - На проверке - Готово""; Еженедельный обзор активных проектов с перемещением по стадиям; Ограничение количества одновременных задач; Ритуал планирования новых работ на основе освободившихся слотов; Отслеживание времени прохождения задач через конвейер",relates_to:C_1; relates_to:C_28; relates_to:C_37; relates_to:C_38; relates_to:C_44; relates_to:C_50; relates_to:C_51; relates_to:C_54,2025-10-02T15:58:57.452279,2025-10-02T16:11:37.957577
C_18,Конструктивное выравнивание,"Принцип согласования целей обучения, методов работы и критериев оценки результатов в рамках одного проекта или роли. Обеспечивает, чтобы то, что изучается или развивается, соответствовало способам работы и тому, как измеряется успех. Создаёт целостность между намерениями, действиями и обратной связью.","Устраняет противоречия между планами и реальностью, повышает эффективность обучения и работы, помогает избежать ситуаций когда развиваешь одно, делаешь другое, а оцениваешься по третьему. Ключевой принцип для осознанного карьерного развития.",draft+filled,Метод,Согласование KPI с реальными рабочими задачами; Выбор практик саморазвития под конкретные карьерные цели; Настройка обратной связи под методы работы; Синхронизация личных целей с требованиями роли; Выравнивание критериев приёмки проекта с его целями,relates_to:C_20; relates_to:C_23; relates_to:C_31; relates_to:C_33; relates_to:C_35; relates_to:C_46; relates_to:C_53,2025-10-02T15:58:57.452786,2025-10-02T16:11:51.860514
C_19,Консультанты и карьерные трекеры,"Внешние специалисты, которые помогают профессионалам в планировании и развитии карьеры через структурированные консультации, обратную связь и экспертизу. Включают карьерных коучей, HR-консультантов, менторов и специализированных трекеров прогресса. Предоставляют объективный взгляд со стороны и профессиональные инструменты анализа карьерных траекторий.","Получение экспертной поддержки в карьерных решениях, объективной оценки текущего состояния и возможностей роста. Помогают структурировать карьерные планы, выявить слепые зоны в развитии и получить обратную связь от опытных практиков. Особенно ценны на переломных этапах карьеры и при смене направлений.",draft+filled,Роль,Сессия с карьерным коучем для анализа целей; Консультация HR-эксперта по рынку; Регулярные встречи с ментором; Использование карьерных трекеров и приложений; Участие в карьерных воркшопах,relates_to:C_2; relates_to:C_14; relates_to:C_15; relates_to:C_27; relates_to:C_48; relates_to:C_53,2025-10-02T15:58:57.453205,2025-10-02T16:12:04.257105
C_1,«Ворота» между стадиями,"Контрольные точки перехода между этапами развития карьеры или обучения, где проверяется готовность к следующему уровню. Включают критерии оценки достигнутых результатов, необходимые компетенции и артефакты для подтверждения прогресса. Служат механизмом качественного перехода от одной стадии мастерства к другой.","Обеспечивают осознанное и качественное продвижение по карьерной траектории, предотвращают преждевременные переходы и помогают объективно оценить готовность к новым вызовам и ответственности.",draft+filled,Состояние,Защита проекта перед переходом на новую роль; Аттестация на следующий грейд; Завершение испытательного срока; Сдача сертификационного экзамена; Презентация портфолио достижений,relates_to:C_20; relates_to:C_23; relates_to:C_33; relates_to:C_52,2025-10-02T15:58:57.444412,2025-10-02T15:59:54.400649
C_20,Критерии приёмки,"Конкретные, измеримые условия завершения работы или достижения цели, которые позволяют однозначно определить готовность результата. Включают качественные и количественные параметры, сроки и формат deliverable. Формулируются до начала работы и служат основой для оценки успешности выполнения.","Обеспечивают ясность ожиданий от работы, предотвращают бесконечные доработки, позволяют объективно оценить завершённость задач. Помогают в планировании времени и ресурсов, создают основу для самоконтроля и отчётности перед заказчиками или руководством.",draft+filled,Показатель,Завершение статьи при достижении 2000 слов и 3 проверок; Готовность презентации после 15 слайдов и репетиции; Финализация проекта при выполнении всех пунктов чек-листа; Сдача отчёта в формате PDF до пятницы 18:00,relates_to:C_27; relates_to:C_28; relates_to:C_34; relates_to:C_44; relates_to:C_51,2025-10-02T15:58:57.453638,2025-10-02T16:12:17.317019
C_21,Крошки времени,"Короткие промежутки времени (5-15 минут), которые возникают между основными задачами или в ожидании. Могут использоваться для выполнения простых, но важных действий, не требующих глубокой концентрации. Включают время в транспорте, перерывы между встречами, ожидание в очередях.","Максимизация продуктивности через эффективное использование фрагментированного времени. Позволяет продвигаться в проектах даже при плотном графике, накапливать прогресс в обучении и поддерживать рабочие процессы без выделения больших временных блоков.",draft+filled,Значение,Чтение профессиональных статей в метро; Обработка коротких email в перерыве между встречами; Запись мимолетных идей; Просмотр и сортировка заметок; Быстрые звонки коллегам,relates_to:C_10; relates_to:C_11; relates_to:C_24; relates_to:C_28; relates_to:C_50; relates_to:C_51,2025-10-02T15:58:57.454111,2025-10-02T16:12:29.546908
C_22,Личный контракт,"Письменное соглашение с самим собой, фиксирующее обязательства по карьерному развитию, включая цели, ресурсы, временные рамки и критерии успеха. Содержит конкретные действия, показатели прогресса и механизмы самоконтроля. Отличается от планов тем, что создаёт формальную ответственность перед собой с чёткими условиями выполнения.","Создание структурированной ответственности за собственное развитие, повышение дисциплины в достижении карьерных целей, обеспечение регулярного самоконтроля и корректировки траектории развития",draft+filled,Артефакт,Еженедельный контракт на изучение новой технологии; Контракт на развитие публичных выступлений с конкретными метриками; Соглашение с собой о смене профессиональной области за полгода; Контракт на построение экспертности через написание статей; Обязательство по networking с указанием количества новых контактов,relates_to:C_2; relates_to:C_20; relates_to:C_27; relates_to:C_33; relates_to:C_51,2025-10-02T15:58:57.454594,2025-10-02T16:12:41.436024
C_23,Мастерство (компетенции),"Совокупность знаний, навыков и опыта в определённой области, позволяющая решать профессиональные задачи на высоком уровне. Включает техническую экспертизу, понимание контекста применения и способность передавать знания другим. Развивается через осознанную практику и рефлексию.","Обеспечивает профессиональную ценность на рынке труда, создаёт основу для карьерного роста и повышения дохода. Позволяет брать на себя более сложные задачи и роли, формирует репутацию эксперта в области.",draft+filled,Характеристика,Глубокое знание технологий разработки; Способность проводить стратегические сессии; Экспертиза в управлении командой; Навыки публичных выступлений; Умение писать техническую документацию,relates_to:C_31; relates_to:C_35; relates_to:C_42; relates_to:C_45; relates_to:C_52,2025-10-02T15:58:57.455047,2025-10-02T16:12:51.753118
C_24,Мимолетные заметки (синоним «Исчезающие заметки»),"Быстрые записи идей, мыслей или наблюдений, которые фиксируются в момент возникновения без детальной проработки. Служат для захвата информации, которая может быть потеряна, если не записать её немедленно. Отличаются краткостью и спонтанностью, требуют последующей обработки для превращения в полноценные рабочие продукты.",Предотвращение потери ценных идей и инсайтов в процессе карьерного развития. Создание исходного материала для дальнейшего анализа и планирования. Поддержание непрерывности мыслительного процесса между основными рабочими сессиями.,draft+filled,Артефакт,Запись идеи проекта на салфетке; Голосовая заметка с мыслью о карьерном шаге; Краткая фиксация инсайта после встречи; Быстрая запись в телефон во время прогулки; Пометка на полях книги,relates_to:C_11; relates_to:C_26; relates_to:C_44,2025-10-02T15:58:57.455512,2025-10-02T16:13:03.977970
C_25,Мыслительный резонанс,"Состояние глубокой концентрации и продуктивности мышления, когда идеи легко связываются между собой, а решения приходят естественно. Характеризуется высокой скоростью обработки информации, ясностью мысли и способностью видеть неочевидные связи между концепциями.",Максимизировать качество интеллектуальной работы и скорость принятия решений. Создать условия для прорывных инсайтов и творческих решений в карьерных задачах.,draft+filled,Состояние,Утренние часы для стратегических решений; Работа в тишине без уведомлений; Использование техники помодоро для поддержания фокуса; Ведение дневника для отслеживания пиковых состояний; Планирование сложных задач на время естественного подъема энергии,relates_to:C_26; relates_to:C_39; relates_to:C_27; relates_to:C_53; relates_to:C_55,2025-10-02T15:58:57.455989,2025-10-02T16:13:17.684051
C_26,Мышление письмом,"Практика формулирования и развития мыслей через письменную фиксацию идей, рассуждений и выводов. Включает структурирование размышлений на бумаге или в цифровом виде для прояснения логики, выявления пробелов в рассуждениях и генерации новых инсайтов. Отличается от простого записывания тем, что письмо становится инструментом самого мыслительного процесса.","Помогает структурировать сложные карьерные решения, прояснить цели и приоритеты, зафиксировать инсайты для дальнейшего использования. Особенно эффективно при стратегическом планировании карьеры и рефлексии над профессиональным опытом.",draft+filled,Метод,Ведение карьерного дневника; Письменная подготовка к важным переговорам; Структурирование мыслей перед принятием решения о смене работы; Фиксация инсайтов после обучающих событий; Подготовка письменного плана развития компетенций,relates_to:C_11; relates_to:C_24; relates_to:C_25; relates_to:C_27; relates_to:C_53,2025-10-02T15:58:57.456421,2025-10-02T16:13:30.201251
C_27,Недельное стратегирование,"Регулярная практика планирования и корректировки карьерных действий в рамках недельного цикла. Включает анализ прошедшей недели, постановку целей на следующую неделю и распределение времени между приоритетными проектами. Отличается от долгосрочного планирования фокусом на конкретные действия и быструю адаптацию к изменениям.","Обеспечивает регулярную настройку карьерной траектории, поддерживает фокус на приоритетах и позволяет быстро реагировать на новые возможности. Создает ритм осознанного развития карьеры через короткие циклы планирования и рефлексии.",draft+filled,Метод,Еженедельный обзор проектов и ролей; Планирование времени на обучение и развитие; Корректировка приоритетов на основе обратной связи; Распределение слотов времени между задачами; Анализ прогресса по ключевым показателям,relates_to:C_28; relates_to:C_51; relates_to:C_53; relates_to:C_50; relates_to:C_33; relates_to:C_36; relates_to:C_37; relates_to:C_38,2025-10-02T15:58:57.456826,2025-10-02T16:13:50.691021
C_28,Недельный цикл,"Повторяющаяся структура планирования и выполнения работ с периодом в одну неделю. Включает фазы стратегирования, выполнения приоритетных проектов, отслеживания показателей прогресса и рефлексии результатов. Основан на балансе между рабочими и инвестиционными активностями.","Обеспечивает ритмичность в карьерном развитии, позволяет регулярно корректировать направление и поддерживать фокус на приоритетах. Создает предсказуемую структуру для накопления мастерства и достижения долгосрочных целей через последовательные короткие циклы.",draft+filled,Метод,Недельное планирование в воскресенье; Ежедневные 15-минутные ретроспективы; Пятничный обзор достижений недели; Выделение времени на приоритетный проект каждый день; Еженедельная корректировка личного контракта,relates_to:C_27; relates_to:C_51; relates_to:C_36; relates_to:C_37; relates_to:C_38; relates_to:C_33; relates_to:C_22; relates_to:C_10,2025-10-02T15:58:57.457304,2025-10-02T16:14:02.720714
C_29,Неудовлетворённость,"Эмоциональное состояние, возникающее при осознании разрыва между текущим положением в карьере и желаемым. Проявляется как внутреннее напряжение от несоответствия ожиданий реальности, недостатка роста или смысла в работе. Служит сигналом для запуска изменений и может быть конструктивной силой для развития при правильном использовании.","Индикатор необходимости карьерных изменений и источник мотивации для развития. Помогает выявить проблемные области карьеры, запустить процесс стратегирования и принятия решений о направлении роста. Преобразует дискомфорт в энергию для конструктивных действий.",draft+filled,Состояние,Ощущение застоя в текущей роли; Понимание что навыки не развиваются; Желание сменить направление деятельности; Потребность в новых вызовах и задачах; Осознание несоответствия ценностей и работы,relates_to:C_2; relates_to:C_27; relates_to:C_53; relates_to:C_46; relates_to:C_14,2025-10-02T15:58:57.457806,2025-10-02T16:14:17.238028
C_2,Агентность,"Способность человека инициировать изменения в своей карьере и брать ответственность за результаты. Включает готовность действовать самостоятельно, принимать решения и влиять на собственное профессиональное развитие, а не ждать внешних указаний или благоприятных обстоятельств.",Позволяет переходить от пассивного ожидания возможностей к активному созданию карьерных перспектив. Основа для осознанного управления профессиональным развитием и достижения карьерных целей через собственные действия.,draft+filled,Характеристика,Самостоятельное планирование недельных приоритетов; Инициирование переговоров о новой роли; Запуск личного проекта для развития компетенций; Поиск ментора без указания руководства; Создание собственного плана обучения,relates_to:C_32; relates_to:C_27; relates_to:C_48; relates_to:C_49,2025-10-02T15:58:57.445140,2025-10-02T16:08:28.275883
C_30,Онтологический дребезг,"Хаотичное смешение понятий разного уровня абстракции и типа в одном рассуждении или документе. Возникает когда методы, артефакты, характеристики, роли и проблемы используются без различения их природы и назначения. Проявляется в неструктурированных списках задач, где перемешаны действия, цели, инструменты и состояния.","Помогает распознать и устранить концептуальную путаницу в планировании карьеры. Позволяет структурировать мышление через разделение понятий по типам, что повышает ясность целей и эффективность действий. Предотвращает принятие решений на основе смешанных категорий.",draft+filled,Проблема,"Список задач ""изучить Python, стать лидером, написать резюме, найти ментора, быть проактивным""; Планирование где смешаны навыки и инструменты; Обсуждение карьеры без различения ролей и компетенций; Стратегия развития с перемешанными методами и артефактами",relates_to:C_13; relates_to:C_23; relates_to:C_27; relates_to:C_44; relates_to:C_46; relates_to:C_53,2025-10-02T15:58:57.458258,2025-10-02T16:14:32.068745
C_31,Осознанное обучение (vs интуитивное),"Целенаправленный процесс освоения знаний и навыков с явным пониманием целей, методов и критериев успеха. Включает рефлексию над процессом, отслеживание прогресса и корректировку подхода. Противопоставляется интуитивному обучению, где человек полагается на естественное погружение без структурированного планирования.","Повышает эффективность развития профессиональных компетенций через структурированный подход. Позволяет быстрее достигать целей обучения, избегать типичных ошибок и осознанно выбирать методы развития под конкретные карьерные задачи.",draft+filled,Метод,Составление плана изучения новой технологии с контрольными точками; Ведение дневника обучения с анализом ошибок; Установка измеримых целей для освоения навыка; Регулярная самооценка прогресса по критериям; Выбор источников обучения под конкретную рабочую задачу,relates_to:C_23; relates_to:C_33; relates_to:C_35; relates_to:C_49; relates_to:C_52,2025-10-02T15:58:57.458669,2025-10-02T16:14:44.087167
C_32,Пассажирский режим,"Состояние пассивного участия в карьерных процессах, когда человек следует внешним указаниям и обстоятельствам без проявления собственной инициативы. Характеризуется реактивным поведением, ожиданием решений от других и минимальным влиянием на траекторию развития. Противоположность агентности в управлении карьерой.",Помогает распознать моменты утраты контроля над карьерным развитием и служит сигналом для активизации осознанного планирования. Используется для диагностики текущего состояния и мотивации к переходу в более активную позицию управления карьерой.,draft+filled,Состояние,Выполнение задач без понимания целей; Ожидание назначений на проекты; Следование чужим карьерным советам без анализа; Откладывание важных карьерных решений; Работа по инерции без стратегического планирования,relates_to:C_2; relates_to:C_29; relates_to:C_39; relates_to:C_53,2025-10-02T15:58:57.459094,2025-10-02T16:14:56.349876
C_33,Показатели прогресса,"Измеримые критерии для отслеживания продвижения в карьерном развитии и выполнении проектов. Включают количественные метрики (завершённые задачи, освоенные навыки, достигнутые цели) и качественные оценки (уровень мастерства, удовлетворённость, обратная связь). Позволяют объективно оценить эффективность выбранной стратегии и корректировать направление развития.","Обеспечивают видимость прогресса в карьере, помогают принимать обоснованные решения о корректировке планов и стратегий. Создают основу для рефлексии и планирования следующих шагов развития. Мотивируют через демонстрацию достижений и выявление областей для улучшения.",draft+filled,Показатель,Количество завершённых спринтов; Рост экспертизы в ключевых компетенциях; Обратная связь от коллег и руководителя; Достижение целей недельного планирования; Прогресс по приоритетным проектам,relates_to:C_27; relates_to:C_28; relates_to:C_36; relates_to:C_37; relates_to:C_38; relates_to:C_51; relates_to:C_53,2025-10-02T15:58:57.459509,2025-10-02T16:15:08.034633
C_34,Правила качества,"Набор критериев и стандартов для оценки рабочих продуктов, процессов и результатов в карьерной деятельности. Включают требования к полноте, точности, своевременности и соответствию целям. Определяют минимально приемлемый уровень выполнения работ и помогают поддерживать профессиональные стандарты.","Обеспечивают последовательность в качестве работы, снижают количество переделок, повышают профессиональную репутацию. Помогают в самооценке результатов и планировании улучшений. Создают основу для обратной связи и развития мастерства.",draft+filled,Показатель,Чек-лист для проверки презентации; Критерии готовности проекта к сдаче; Стандарты оформления документов; Требования к тестированию кода; Правила проведения встреч,relates_to:C_4; relates_to:C_20; relates_to:C_23; relates_to:C_42; relates_to:C_44,2025-10-02T15:58:57.459914,2025-10-02T16:15:20.334829
C_35,Практики саморазвития / Новая (вторая) грамотность,"Набор осознанных методов и привычек для непрерывного развития профессиональных и личностных компетенций. Включает техники обучения, рефлексии, планирования и отслеживания прогресса. Отличается от традиционного образования фокусом на самостоятельное управление процессом развития и адаптацию к быстро меняющимся требованиям.","Обеспечивает устойчивое развитие карьеры в условиях быстрых изменений профессиональной среды. Позволяет самостоятельно выявлять пробелы в знаниях, осваивать новые навыки и адаптироваться к изменениям без зависимости от внешних образовательных программ.",draft+filled,Метод,Ведение исчезающих заметок для фиксации инсайтов; Недельное стратегирование для планирования развития; Осознанное обучение через рефлексию опыта; Мышление письмом для структурирования знаний; Взаимная рецензия для получения обратной связи,relates_to:C_11; relates_to:C_27; relates_to:C_31; relates_to:C_26; relates_to:C_4; relates_to:C_49; relates_to:C_23; relates_to:C_2,2025-10-02T15:58:57.460380,2025-10-02T16:15:33.316757
C_36,Приоритетный инвестиционный проект,"Проект, направленный на развитие личных компетенций, навыков или создание активов, который получает первоочередное распределение времени и ресурсов в рамках личного инвестиционного портфеля. Отличается от рабочих проектов тем, что создает долгосрочную ценность для карьеры, а не решает текущие задачи работодателя.","Обеспечивает системное развитие мастерства и создание личных активов, которые повышают рыночную стоимость специалиста. Позволяет сознательно инвестировать время в долгосрочный карьерный рост, а не только в текущие рабочие обязанности.",draft+filled,Артефакт,Изучение нового языка программирования; Создание личного блога или канала; Получение профессиональной сертификации; Разработка собственного продукта; Написание книги или курса,relates_to:C_10; relates_to:C_23; relates_to:C_37; relates_to:C_38; relates_to:C_27; relates_to:C_28,2025-10-02T15:58:57.460822,2025-10-02T16:15:45.013743
C_37,Приоритетный проект,"Проект, получивший наивысший приоритет в текущем планировании и требующий концентрации основных ресурсов времени и внимания. Отличается от других проектов тем, что имеет чёткие критерии завершения, ограниченные временные рамки и прямое влияние на карьерные цели. Не путать с рутинными задачами, где нет конечного результата.","Обеспечивает фокусировку усилий на наиболее важных карьерных инициативах, предотвращает распыление ресурсов между множеством задач, создаёт ощутимый прогресс в ключевых направлениях развития.",draft+filled,План работ,Запуск личного блога на 4 недели; Подготовка к сертификации в течение спринта; Разработка портфолио проектов; Изучение новой технологии за месяц; Написание статьи для профессионального издания,relates_to:C_36; relates_to:C_38; relates_to:C_27; relates_to:C_28; relates_to:C_51; relates_to:C_53; relates_to:C_33; relates_to:C_20,2025-10-02T15:58:57.461301,2025-10-02T16:15:57.222046
C_38,Приоритетный рабочий проект,"Основной проект в профессиональной деятельности, который получает максимальное внимание и ресурсы в текущем периоде. Отличается от приоритетного инвестиционного проекта тем, что направлен на выполнение текущих рабочих обязательств и достижение краткосрочных профессиональных результатов, а не на долгосрочные инвестиции в развитие.","Обеспечивает фокусировку профессиональных усилий на наиболее важных рабочих задачах, позволяет эффективно распределять время и энергию между множеством рабочих обязательств, создает основу для измерения профессиональной результативности в коротких циклах.",draft+filled,Артефакт,Ведение ключевого клиентского проекта; Разработка критически важной функциональности продукта; Подготовка стратегической презентации для руководства; Реализация процессных улучшений в команде; Выполнение срочного аналитического исследования,relates_to:C_36; relates_to:C_37; relates_to:C_1; relates_to:C_27; relates_to:C_28; relates_to:C_50; relates_to:C_51,2025-10-02T15:58:57.461744,2025-10-02T16:16:11.506625
C_39,Продуктивное состояние,"Состояние высокой эффективности, при котором человек способен выполнять задачи с минимальными усилиями и максимальной отдачей. Характеризуется ясностью мышления, энергичностью, концентрацией внимания и способностью быстро переключаться между задачами. Достигается через управление энергией, правильную организацию рабочего пространства и времени.","Обеспечивает максимальную отдачу от рабочего времени и усилий. Позволяет выполнять больше качественных задач за меньшее время, снижает стресс и повышает удовлетворённость от работы. Критично для достижения карьерных целей и поддержания устойчивого развития.",draft+filled,Состояние,Утренние часы с высокой концентрацией; Работа в потоковом состоянии без отвлечений; Выполнение сложных задач после качественного отдыха; Эффективные спринты с чёткими целями; Работа в оптимальной рабочей среде,relates_to:C_10; relates_to:C_21; relates_to:C_27; relates_to:C_28; relates_to:C_32; relates_to:C_36; relates_to:C_50; relates_to:C_51,2025-10-02T15:58:57.462190,2025-10-02T16:16:23.652001
C_3,Бренд личности,"Целостный образ профессионала, который формируется через его экспертизу, ценности, стиль коммуникации и результаты работы. Включает как внутреннее понимание своей уникальности, так и внешнее восприятие коллегами и рынком. Отличается от репутации тем, что бренд — это осознанно выстраиваемая идентичность, а репутация — следствие действий.","Помогает выделиться на рынке труда, привлекать подходящие возможности, выстраивать доверие с заказчиками и коллегами. Служит основой для принятия карьерных решений и позиционирования в профессиональном сообществе.",draft+filled,Характеристика,Экспертный блог по специализации; Узнаваемый стиль презентаций; Последовательная позиция в профессиональных дискуссиях; Личный сайт-портфолио; Активность в профильных сообществах,relates_to:C_43; relates_to:C_45; relates_to:C_16,2025-10-02T15:58:57.445569,2025-10-02T16:08:39.266145
C_40,Проблема,"Разрыв между текущим и желаемым состоянием в карьере или личном развитии, требующий целенаправленных действий для устранения. Включает диагностику причин, оценку влияния на карьерные цели и выбор методов решения.",Выявление и структурирование препятствий в карьерном развитии для их последующего устранения через конкретные действия и изменения в подходах к работе,draft+filled,Проблема,Низкая агентность в принятии решений; Отсутствие ясного направления карьеры; Неэффективное использование времени; Слабая репутация в профессиональном сообществе; Недостаток мастерства в ключевых компетенциях,relates_to:C_2; relates_to:C_14; relates_to:C_23; relates_to:C_29; relates_to:C_33; relates_to:C_45; relates_to:C_53,2025-10-02T15:58:57.462611,2025-10-02T16:16:33.861345
C_41,Пропитка,"Глубокое усвоение и интеграция новых знаний, навыков или практик в повседневную деятельность через многократное применение и рефлексию. Процесс превращения теоретического понимания в автоматические компетенции и устойчивые рабочие привычки.",Обеспечивает переход от поверхностного знакомства с методами к их органичному использованию в карьерной практике. Создаёт устойчивые изменения в профессиональном поведении и повышает эффективность применения освоенных инструментов.,draft+filled,Состояние,Ежедневное применение техник тайм-менеджмента до автоматизма; Интеграция принципов системного мышления в решение рабочих задач; Превращение недельного планирования в естественную привычку; Автоматическое применение критериев качества при создании продуктов; Органичное использование практик саморефлексии,relates_to:C_23; relates_to:C_27; relates_to:C_31; relates_to:C_35; relates_to:C_49; relates_to:C_52,2025-10-02T15:58:57.463035,2025-10-02T16:16:47.290473
C_42,Профессионал,"Человек, который систематически развивает мастерство в выбранной области, осознанно управляет своей карьерой и создает ценность через применение экспертизы. Отличается от специалиста более широким видением контекста, способностью к стратегическому мышлению и активной позицией в формировании своего профессионального пути.",Служит ориентиром для карьерного развития и самоидентификации. Помогает понять разницу между выполнением задач и профессиональным ростом. Задает планку осознанности в управлении карьерой и развитии экспертизы.,draft+filled,Роль,Ведение личного контракта с четкими целями; Регулярное обновление карты ролей; Публикация экспертного контента; Участие в профессиональных сообществах; Менторство коллег,relates_to:C_2; relates_to:C_14; relates_to:C_22; relates_to:C_23; relates_to:C_43; relates_to:C_46; relates_to:C_48,2025-10-02T15:58:57.463458,2025-10-02T16:16:58.330265
C_43,Публичность и репутация,"Способность и готовность профессионала быть видимым в профессиональном сообществе, создавать и поддерживать положительное восприятие своих компетенций и достижений. Включает активное участие в публичных активностях, демонстрацию экспертизы и формирование узнаваемого профессионального образа. Не путать с саморекламой — здесь акцент на создании ценности для сообщества через открытое делиться знаниями и опытом.","Увеличивает карьерные возможности через расширение профессиональной сети, привлечение интересных проектов и предложений о работе. Помогает получать обратную связь от коллег, находить менторов и партнёров. Создаёт основу для экспертного позиционирования и роста влияния в профессиональной области.",draft+filled,Характеристика,Выступления на конференциях; Публикация статей в профессиональных изданиях; Ведение профессионального блога; Участие в отраслевых дискуссиях в соцсетях; Менторство и обучение коллег,relates_to:C_3; relates_to:C_16; relates_to:C_45; relates_to:C_23; relates_to:C_42,2025-10-02T15:58:57.463870,2025-10-02T16:17:10.810802
C_44,Рабочий продукт (артефакт),"Материальный или цифровой результат выполнения работы, который можно передать, оценить или использовать другими людьми. Включает документы, код, презентации, отчёты, модели, прототипы и другие осязаемые выходы профессиональной деятельности. Отличается от процесса работы тем, что представляет конкретный завершённый результат с чёткими границами и критериями готовности.","Создание видимых результатов работы для демонстрации компетенций, построения репутации и накопления портфолио достижений. Позволяет измерять прогресс, получать обратную связь и формировать доказательную базу профессионального роста.",draft+filled,Артефакт,Техническая документация проекта; Презентация для клиента; Код программы или скрипта; Аналитический отчёт; Обучающий материал или курс,relates_to:C_20; relates_to:C_33; relates_to:C_4; relates_to:C_43; relates_to:C_45,2025-10-02T15:58:57.464296,2025-10-02T16:17:23.268511
C_45,Репутация,"Устойчивое восприятие профессиональных качеств и достижений человека в его рабочем сообществе. Формируется через последовательность публичных действий, результатов работы и взаимодействий с коллегами. Включает экспертную репутацию (признание компетенций) и социальную репутацию (доверие и готовность к сотрудничеству).","Создаёт основу для карьерных возможностей, влияет на получение интересных проектов и предложений о работе. Помогает выстраивать профессиональные связи и повышает переговорную позицию при смене ролей или условий работы.",draft+filled,Характеристика,Регулярные выступления на профессиональных мероприятиях; Публикация экспертных материалов в профессиональном сообществе; Успешное завершение видимых проектов; Менторство коллег; Участие в профессиональных дискуссиях,relates_to:C_3; relates_to:C_43; relates_to:C_23; relates_to:C_46,2025-10-02T15:58:57.464714,2025-10-02T16:17:34.170788
C_46,Роль,"Набор функций, обязанностей и полномочий, которые человек выполняет в определённом контексте или системе. Включает ожидания от исполнителя, границы ответственности и критерии успеха. Роль может быть формальной (должностная позиция) или неформальной (экспертная, лидерская).","Структурирует взаимодействие в команде и организации, определяет зону ответственности и развития компетенций, помогает планировать карьерные переходы и оценивать соответствие текущих задач долгосрочным целям.",draft+filled,Роль,Продуктовый менеджер в IT-команде; Ментор для джуниор-разработчиков; Технический лидер проекта; Представитель команды в кросс-функциональных встречах; Эксперт по данным в маркетинговом отделе,relates_to:C_13; relates_to:C_14; relates_to:C_23; relates_to:C_42; relates_to:C_48,2025-10-02T15:58:57.465211,2025-10-02T16:17:48.337497
C_47,Синергетический эффект (практик),"Взаимное усиление результативности нескольких практик саморазвития при их совместном применении, когда общий эффект превышает сумму эффектов от каждой практики по отдельности. Возникает через пересечение областей воздействия, общие артефакты и ритмы выполнения.",Максимизация отдачи от инвестиций времени в саморазвитие через осознанное комбинирование практик. Позволяет достигать карьерных целей быстрее и с меньшими затратами энергии за счёт взаимного усиления эффектов.,draft+filled,Характеристика,Ведение исчезающих заметок во время недельного стратегирования; Развитие публичности через мышление письмом; Использование творческого конвейера для приоритетного проекта; Совмещение осознанного обучения с peer review; Применение личного контракта в спринтах,relates_to:C_10; relates_to:C_11; relates_to:C_26; relates_to:C_27; relates_to:C_31; relates_to:C_35; relates_to:C_43; relates_to:C_54,2025-10-02T15:58:57.465662,2025-10-02T16:17:59.434316
C_48,Системная карьера,"Подход к развитию карьеры, основанный на системном мышлении и методологии First Principles Framework. Включает структурированные практики планирования, развития мастерства, управления энергией и построения репутации через взаимосвязанные элементы: роли, проекты, ритмы и артефакты. Отличается от традиционного карьерного планирования фокусом на создание устойчивых систем саморазвития вместо разовых целей.","Обеспечивает осознанное управление профессиональным развитием через практические инструменты и методы. Позволяет выстраивать карьеру как систему взаимоусиливающих практик, повышает агентность и результативность профессиональной деятельности.",draft+filled,Система,8-недельная программа развития; Недельные циклы стратегирования; Карта ролей и проектов; Система отслеживания мастерства; Публичные практики и репутация,relates_to:C_2; relates_to:C_13; relates_to:C_14; relates_to:C_15; relates_to:C_23; relates_to:C_27; relates_to:C_28; relates_to:C_35; relates_to:C_43; relates_to:C_46; relates_to:C_49; relates_to:C_51; relates_to:C_53,2025-10-02T15:58:57.466119,2025-10-02T16:18:13.762636
C_49,Системное саморазвитие,"Подход к личному развитию, основанный на системном мышлении и структурированном применении практик саморазвития. Включает осознанное планирование обучения, регулярную рефлексию прогресса и интеграцию новых навыков в повседневную деятельность через устойчивые ритмы и методы.","Обеспечивает устойчивый и измеримый рост профессиональных и личных компетенций. Помогает избежать хаотичного обучения, создаёт основу для долгосрочного карьерного развития и повышает эффективность инвестиций времени в саморазвитие.",draft+filled,Характеристика,Недельные циклы обучения с рефлексией; Ведение карты компетенций и отслеживание прогресса; Интеграция новых знаний через практические проекты; Системная работа с обратной связью; Планирование развития через приоритетные направления,relates_to:C_35; relates_to:C_31; relates_to:C_48; relates_to:C_27; relates_to:C_28; relates_to:C_33; relates_to:C_23,2025-10-02T15:58:57.466695,2025-10-02T16:18:28.935938
C_4,Взаимная рецензия (peer review),"Процесс взаимной оценки и обратной связи между коллегами или участниками одного уровня компетенций. Включает структурированный обмен мнениями о работе, идеях или решениях с целью выявления слепых зон и улучшения качества результатов. Отличается от экспертной оценки тем, что участники находятся на сопоставимом уровне опыта.","Повышение качества рабочих продуктов через независимую оценку, развитие критического мышления и коммуникативных навыков, создание культуры взаимного обучения в команде или профессиональном сообществе.",draft+filled,Метод,Обмен черновиками статей между коллегами; Код-ревью в разработке; Взаимная проверка презентаций перед важными выступлениями; Обсуждение карьерных планов с коллегами схожего уровня; Групповая оценка проектных предложений,relates_to:C_23; relates_to:C_44; relates_to:C_34,2025-10-02T15:58:57.446022,2025-10-02T16:08:50.245332
C_50,Слоты,"Выделенный временной интервал с четко определенной целью и границами, предназначенный для выполнения конкретного типа работы или активности. Слот имеет фиксированную продолжительность, ясные критерии начала и завершения, а также предсказуемый результат. В отличие от произвольного планирования времени, слоты создают структурированную рамку для систематического выполнения задач.","Обеспечивает предсказуемость и контроль над использованием времени в карьерном развитии. Позволяет создавать устойчивые ритмы работы, снижать когнитивную нагрузку на планирование и повышать качество выполнения задач через специализацию временных интервалов.",draft+filled,Значение,Утренний слот для стратегирования (7:00-8:00); Слот для глубокой работы без уведомлений; Еженедельный слот для рефлексии и планирования; Слот для изучения новых технологий; Слот для сетевого взаимодействия,relates_to:C_10; relates_to:C_27; relates_to:C_28; relates_to:C_51,2025-10-02T15:58:57.467231,2025-10-02T16:18:41.028979
C_51,Спринт (неделя),"Базовая единица планирования и выполнения работ в системной карьере, ограниченная одной календарной неделей. Включает постановку целей на неделю, ежедневное выполнение задач и еженедельную ретроспективу результатов. Структурирует карьерную деятельность через повторяющиеся циклы с четкими границами начала и завершения.","Обеспечивает управляемый ритм развития карьеры через короткие итерации с быстрой обратной связью. Позволяет регулярно корректировать направление, отслеживать прогресс и поддерживать устойчивый темп работы над карьерными целями без выгорания.",draft+filled,План работ,Планирование задач на понедельник; Еженедельная ретроспектива в пятницу; Корректировка приоритетов в середине недели; Отчет о достижениях за спринт,relates_to:C_27; relates_to:C_28; relates_to:C_33; relates_to:C_36; relates_to:C_37; relates_to:C_38,2025-10-02T15:58:57.467735,2025-10-02T16:18:53.815559
C_52,Стадии обучения,"Последовательные этапы освоения новых навыков и знаний, каждый из которых характеризуется определенным уровнем осознанности и автоматизма выполнения. Включают неосознанную некомпетентность, осознанную некомпетентность, осознанную компетентность и неосознанную компетентность. Переход между стадиями требует целенаправленных усилий и практики.","Помогает понимать текущий уровень владения навыком и планировать развитие. Позволяет выбирать подходящие методы обучения для каждой стадии, избегать разочарований от нереалистичных ожиданий и отслеживать прогресс в освоении компетенций.",draft+filled,Характеристика,"Переход от ""не знаю что не знаю"" к экспертности; Освоение нового инструмента разработки; Изучение методологии управления проектами; Развитие навыков публичных выступлений; Освоение новой предметной области",relates_to:C_1; relates_to:C_23; relates_to:C_31; relates_to:C_33; relates_to:C_35,2025-10-02T15:58:57.468163,2025-10-02T16:19:05.105403
C_53,Стратегирование,"Метод планирования карьерных действий на основе анализа текущего состояния, целей и ресурсов. Включает выбор приоритетов, распределение времени и энергии между проектами, корректировку направления развития. Отличается от обычного планирования системным подходом и фокусом на долгосрочные карьерные результаты.","Обеспечивает осознанное управление карьерой через регулярное переосмысление приоритетов и ресурсов. Помогает избежать хаотичности в развитии, концентрировать усилия на значимых проектах, адаптироваться к изменениям контекста.",draft+filled,Метод,Недельный обзор и планирование; Квартальная корректировка карьерных целей; Выбор между несколькими проектами; Анализ инвестиций времени в роли; Планирование развития мастерства,relates_to:C_27; relates_to:C_28; relates_to:C_36; relates_to:C_37; relates_to:C_38; relates_to:C_10; relates_to:C_2; relates_to:C_14; relates_to:C_46; relates_to:C_23,2025-10-02T15:58:57.468601,2025-10-02T16:19:16.431556
C_54,Творческий конвейер,"Организованная последовательность этапов создания и развития творческих идей в карьерном контексте. Включает сбор исходного материала, инкубацию идей, их проработку и воплощение в конкретные рабочие продукты. Отличается от обычного конвейера работ фокусом на генерацию нового знания и нестандартных решений.","Обеспечивает систематическое превращение творческих импульсов в ценные карьерные активы. Помогает не терять идеи, структурированно их развивать и создавать уникальные рабочие продукты, которые выделяют профессионала на рынке.",draft+filled,Метод,Ведение журнала идей с еженедельным обзором; Создание серии статей из случайных заметок; Разработка авторской методологии на основе практического опыта; Превращение рабочих инсайтов в публичные выступления,relates_to:C_17; relates_to:C_11; relates_to:C_24; relates_to:C_26; relates_to:C_44; relates_to:C_43,2025-10-02T15:58:57.469034,2025-10-02T16:19:31.982350
C_55,Творческий щелчок,"Момент внезапного озарения или прорыва в решении творческой задачи, когда разрозненные элементы складываются в целостное понимание или новую идею. Характеризуется ощущением ""ага-эффекта"" и часто происходит после периода интенсивной работы над проблемой.","Позволяет распознавать и использовать моменты творческих прорывов для развития карьеры, генерации новых решений и преодоления профессиональных вызовов. Помогает создавать условия для возникновения инсайтов.",draft+filled,Состояние,Внезапное понимание архитектуры проекта; Озарение о новом направлении карьеры; Прорыв в решении сложной задачи; Инсайт о связи между разными областями знаний; Момент понимания потребностей клиента,relates_to:C_54; relates_to:C_25; relates_to:C_39,2025-10-02T15:58:57.469594,2025-10-02T16:19:42.455661
C_56,Техноэволюция,"Процесс адаптации профессиональных навыков и карьерных стратегий к изменениям технологической среды. Включает освоение новых инструментов, переосмысление рабочих процессов и развитие цифровых компетенций для поддержания конкурентоспособности.","Помогает профессионалам оставаться востребованными в условиях технологических изменений, планировать развитие навыков с учетом трендов, адаптировать карьерные цели к новым возможностям и требованиям рынка.",draft+filled,Метод,Изучение ИИ-инструментов для автоматизации задач; Переход на новые платформы управления проектами; Освоение языков программирования для смежных задач; Адаптация процессов под удаленную работу; Развитие навыков работы с данными,relates_to:C_2; relates_to:C_23; relates_to:C_31; relates_to:C_35; relates_to:C_49; relates_to:C_53,2025-10-02T15:58:57.470079,2025-10-02T16:19:53.895762
C_57,Траектория ролей,"Последовательность ролей, которые человек занимает или планирует занимать в течение карьеры, с учётом переходов между ними и развития компетенций. Включает текущую роль, целевые роли и промежуточные позиции, необходимые для достижения карьерных целей. Отражает логику карьерного движения и стратегию накопления опыта.","Помогает планировать карьерные переходы, выявлять недостающие компетенции и опыт для следующих ролей, оценивать реалистичность карьерных целей и временные рамки их достижения. Позволяет выстраивать осознанную стратегию профессионального развития.",draft+filled,План работ,Переход от разработчика к тимлиду через роль старшего разработчика; Движение от аналитика к продакт-менеджеру через позицию продуктового аналитика; Развитие от специалиста к руководителю отдела через роль ведущего специалиста,relates_to:C_13; relates_to:C_14; relates_to:C_15; relates_to:C_23; relates_to:C_46; relates_to:C_48; relates_to:C_53,2025-10-02T15:58:57.470555,2025-10-02T16:20:05.708023
C_58,Уровни мастерства,"Градация развития компетенций от начального до экспертного уровня, отражающая качественные переходы в способности выполнять профессиональные задачи. Включает стадии от неосознанной некомпетентности до неосознанной компетентности, где каждый уровень характеризуется специфическими показателями понимания, навыков и автономности в работе.","Обеспечивает структурированную оценку текущих компетенций и планирование развития. Помогает выбирать подходящие задачи и роли, соответствующие уровню мастерства. Создает основу для постановки реалистичных целей обучения и карьерного роста.",draft+filled,Характеристика,Переход от джуниора к мидлу в разработке; Освоение управленческих навыков от тимлида до директора; Развитие экспертизы в консалтинге; Прогрессия в дизайне от исполнителя до арт-директора; Эволюция навыков публичных выступлений,relates_to:C_23; relates_to:C_31; relates_to:C_52; relates_to:C_42; relates_to:C_15,2025-10-02T15:58:57.471097,2025-10-02T16:20:17.842660
C_59,Устойчивая карьера (Sustainable Career),"Карьерная траектория, способная адаптироваться к изменениям внешней среды и поддерживать долгосрочное развитие профессионала без выгорания. Включает баланс между профессиональным ростом, личными ценностями, энергетическими ресурсами и социальным капиталом. Характеризуется гибкостью к переменам, непрерывным обучением и осознанным управлением карьерными решениями.","Обеспечить долгосрочную профессиональную реализацию и финансовую стабильность при сохранении личного благополучия. Помогает избежать карьерного выгорания, адаптироваться к изменениям рынка труда и поддерживать мотивацию к развитию на протяжении всей профессиональной жизни.",draft+filled,Состояние,Регулярная смена проектов для предотвращения рутины; Инвестирование времени в обучение новым навыкам; Поддержание сети профессиональных контактов; Планирование карьерных переходов заранее; Балансирование амбиций с личными ресурсами,relates_to:C_2; relates_to:C_14; relates_to:C_15; relates_to:C_23; relates_to:C_27; relates_to:C_35; relates_to:C_39; relates_to:C_48; relates_to:C_49; relates_to:C_53,2025-10-02T15:58:57.471585,2025-10-02T16:20:30.457303
C_5,Должность,"Официальная позиция в организационной структуре, определяющая набор обязанностей, полномочий и ответственности сотрудника. Включает формальное название, уровень в иерархии, функциональную область и требования к квалификации. Отличается от роли тем, что должность — это административная единица в штатном расписании, а роль — это функция, которую человек выполняет в системе.","Обеспечивает структурированное понимание карьерных позиций для планирования роста, оценки соответствия компетенций требованиям и выстраивания траектории развития. Помогает в переговорах о карьерных изменениях и формировании личного бренда под конкретную позицию.",draft+filled,Состояние,"Переход с позиции ""Аналитик"" на ""Старший аналитик""; Поиск должности ""Руководитель проекта"" в IT-компании; Анализ требований к должности ""Продуктовый менеджер""; Подготовка к собеседованию на должность ""Технический директор""",relates_to:C_14; relates_to:C_15; relates_to:C_23; relates_to:C_46,2025-10-02T15:58:57.446742,2025-10-02T16:09:02.455149
C_60,Формирование окружения,"Целенаправленное создание и настройка физической, социальной и информационной среды для поддержки карьерных целей и продуктивной работы. Включает выбор места работы, инструментов, людей для взаимодействия и источников информации.","Создать условия, которые автоматически поддерживают нужные привычки и снижают сопротивление при выполнении важных карьерных задач. Минимизировать отвлечения и максимизировать доступность ресурсов для роста.",draft+filled,Метод,Настройка рабочего места под приоритетные задачи; Подбор ментора или карьерного трекера; Подписка на профильные источники информации; Создание регулярных встреч с коллегами по интересам; Организация домашнего пространства для обучения,relates_to:C_19; relates_to:C_23; relates_to:C_35; relates_to:C_43; relates_to:C_48,2025-10-02T15:58:57.472088,2025-10-02T16:20:43.747330
C_61,Целенаправленное зондирование,"Метод исследования карьерных возможностей через структурированные эксперименты и пробные действия для получения обратной связи от рынка и среды. Включает планирование гипотез, выбор способов проверки и анализ результатов для принятия карьерных решений.","Снижает риски при смене направления карьеры, позволяет получить реальную информацию о возможностях до крупных инвестиций времени и ресурсов, помогает выявить скрытые препятствия и неожиданные преимущества в карьерных переходах.",draft+filled,Метод,Информационные интервью с профессионалами целевой области; Участие в краткосрочных проектах новой сферы; Создание пробного портфолио работ; Посещение отраслевых мероприятий; Тестирование навыков через фриланс-задачи,relates_to:C_2; relates_to:C_27; relates_to:C_53,2025-10-02T15:58:57.472513,2025-10-02T16:20:56.697771
C_62,Чувство,"Эмоциональная реакция на события карьеры и рабочие ситуации, которая сигнализирует о соответствии или несоответствии происходящего внутренним ценностям и потребностям. Включает как позитивные состояния (удовлетворение от достижений, воодушевление от новых возможностей), так и негативные (фрустрация от рутины, тревога перед неопределенностью). Служит важным источником информации для принятия карьерных решений.","Помогает распознавать сигналы о качестве карьерных выборов и рабочих процессов. Используется как индикатор для корректировки стратегии развития, выявления проблемных зон и определения направлений роста. Позволяет различать истинную мотивацию от навязанных извне целей.",draft+filled,Состояние,Чувство выгорания при монотонной работе; Воодушевление от освоения новой роли; Тревога перед публичным выступлением; Удовлетворение от завершённого проекта; Раздражение от неэффективных процессов,relates_to:C_29; relates_to:C_39; relates_to:C_32,2025-10-02T15:58:57.472930,2025-10-02T16:21:08.747738
C_63,Шкура на кону (Skin in the game),"Принцип принятия решений и действий, при котором человек несёт реальные последствия за свои выборы — финансовые, репутационные или временные потери в случае неудачи. Включает личную ответственность за результат и готовность рисковать собственными ресурсами ради достижения цели.",Повышает качество решений в карьере через личную заинтересованность в результате. Мотивирует к более тщательной подготовке и выполнению обязательств. Создаёт доверие у партнёров и работодателей через демонстрацию серьёзности намерений.,draft+filled,Характеристика,Вложение собственных денег в стартап; Публичные обязательства с репутационными рисками; Переход на фриланс с потерей стабильной зарплаты; Запуск личного проекта на собственные ресурсы,relates_to:C_2; relates_to:C_22; relates_to:C_36; relates_to:C_43,2025-10-02T15:58:57.473442,2025-10-02T16:21:20.246623
C_64,Экзокортекс / Второй мозг (Second Brain),"Внешняя система для расширения возможностей мышления и памяти, включающая инструменты захвата, обработки, связывания и извлечения информации. Состоит из методов быстрой фиксации мыслей, структурированного хранения знаний и алгоритмов поиска связей между идеями. Не путать с простым архивом документов — экзокортекс активно участвует в мыслительных процессах.",Разгружает оперативную память мозга для сосредоточения на творческих и аналитических задачах. Обеспечивает накопление и переиспользование знаний в карьерных проектах. Создаёт основу для системного мышления через визуализацию связей между концепциями и опытом.,draft+filled,Система,Ведение связанных заметок в Obsidian; Система тегов и поиска по личной базе знаний; Автоматическая фиксация идей через диктофон; Карты связей между проектами и компетенциями; Шаблоны для анализа решений,relates_to:C_11; relates_to:C_24; relates_to:C_26; relates_to:C_25,2025-10-02T15:58:57.473888,2025-10-02T16:21:32.549671
C_65,Элита,"Группа людей, обладающих высоким уровнем мастерства, влияния и признания в определённой области. Характеризуется способностью задавать стандарты, формировать тренды и принимать ключевые решения. Отличается от просто успешных людей системным воздействием на развитие профессиональной области и способностью создавать возможности для других.","Служит ориентиром для карьерного роста и развития профессиональной репутации. Помогает понять высшие уровни мастерства и влияния, к которым можно стремиться. Даёт представление о том, какие качества и достижения необходимы для перехода в категорию ведущих специалистов отрасли.",draft+filled,Роль,Технические лидеры крупных IT-компаний; Признанные эксперты с собственными методологиями; Спикеры ключевых отраслевых конференций; Авторы влиятельных профессиональных публикаций; Основатели успешных направлений в бизнесе,relates_to:C_23; relates_to:C_43; relates_to:C_45; relates_to:C_42,2025-10-02T15:58:57.474361,2025-10-02T16:21:46.693768
C_66,Эмоции,"Психофизиологические реакции на события карьеры и рабочие ситуации, которые влияют на принятие решений, мотивацию и взаимодействие с другими. Включают как позитивные состояния (энтузиазм, удовлетворение от достижений), так и негативные (фрустрация, тревога, выгорание). Эмоции служат индикаторами соответствия текущей деятельности личным ценностям и потребностям.","Помогают распознавать сигналы о необходимости изменений в карьере, влияют на качество работы и отношений с коллегами, определяют устойчивость к стрессу и способность к долгосрочному развитию. Осознанное управление эмоциями повышает эффективность стратегирования и принятия карьерных решений.",draft+filled,Характеристика,Радость от завершения сложного проекта; Тревога перед важной презентацией; Фрустрация от рутинных задач; Воодушевление от изучения новой технологии; Раздражение от неэффективных процессов,relates_to:C_29; relates_to:C_39; relates_to:C_27; relates_to:C_53,2025-10-02T15:58:57.474801,2025-10-02T16:22:01.926272
C_67,Этические фильтры / «красные зоны»,"Внутренние принципы и границы, которые определяют неприемлемые для человека виды деятельности, проекты или способы достижения целей в карьере. Включают моральные убеждения, ценностные установки и личные табу, которые служат автоматическими критериями отбора возможностей. Формируются на основе жизненного опыта, воспитания и осознанного выбора приоритетов.","Помогают быстро отсеивать неподходящие карьерные возможности без долгих размышлений, защищают от компромиссов с совестью, поддерживают целостность личности и предотвращают выгорание от работы против собственных убеждений. Создают четкие рамки для принятия решений в карьерном планировании.",draft+filled,Состояние,Отказ от проектов с сомнительной этикой; Избегание токсичных рабочих культур; Неучастие в обмане клиентов; Отказ от работы в неэкологичных отраслях; Неиспользование манипулятивных техник продаж,relates_to:C_2; relates_to:C_14; relates_to:C_22; relates_to:C_27; relates_to:C_53,2025-10-02T15:58:57.475250,2025-10-02T16:22:14.657225
C_68,Эпик,"Крупная инициатива или направление работы, которое разбивается на несколько спринтов и объединяет связанные задачи общей целью. Имеет четкие критерии завершения и измеримые результаты. В контексте карьеры представляет значимый проект развития, который требует планомерной работы в течение нескольких недель или месяцев.","Структурирование крупных карьерных инициатив на управляемые части, обеспечение фокуса на стратегически важных направлениях развития, создание ясной связи между еженедельными спринтами и долгосрочными целями карьеры.",draft+filled,План работ,Освоение новой профессиональной области за 3 месяца; Построение экспертности в конкретной теме через серию публикаций; Переход на новую должность через развитие недостающих компетенций; Создание личного бренда в профессиональном сообществе,relates_to:C_27; relates_to:C_28; relates_to:C_36; relates_to:C_37; relates_to:C_51; relates_to:C_53,2025-10-02T15:58:57.475662,2025-10-02T16:22:27.509032
C_6,Жизненное мастерство,"Интегрированная способность эффективно управлять различными аспектами жизни через развитые навыки, осознанные практики и системный подход. Включает умение балансировать карьеру, отношения, здоровье, обучение и личные проекты как единую систему. Отличается от узкого профессионального мастерства тем, что охватывает всю жизнь как проект.","Обеспечивает устойчивое развитие во всех сферах жизни, предотвращает выгорание от дисбаланса, создает основу для долгосрочного карьерного роста через гармонизацию всех жизненных областей.",draft+filled,Характеристика,"Еженедельное планирование всех сфер жизни; Интеграция обучения в повседневные дела; Осознанное управление энергией между работой и личной жизнью; Развитие привычек, поддерживающих все роли одновременно",relates_to:C_2; relates_to:C_23; relates_to:C_27; relates_to:C_28; relates_to:C_35; relates_to:C_48; relates_to:C_49; relates_to:C_53,2025-10-02T15:58:57.447236,2025-10-02T16:09:13.934893
C_7,Заготовка,"Предварительная версия рабочего продукта, содержащая базовую структуру и ключевые элементы, но требующая доработки до финального состояния. Включает черновики, наброски, шаблоны с частично заполненным содержанием. Отличается от готового артефакта незавершённостью и необходимостью дополнительных итераций.",Ускорение создания рабочих продуктов через повторное использование проверенных структур. Снижение барьера входа в новые задачи за счёт готовой основы. Обеспечение консистентности подхода при создании однотипных артефактов в карьерных проектах.,draft+filled,Артефакт,Черновик резюме с базовыми разделами; Шаблон личного контракта с ключевыми пунктами; Набросок презентации с основными слайдами; Структура недельного плана; Заготовка карты ролей,relates_to:C_22; relates_to:C_27; relates_to:C_13; relates_to:C_44,2025-10-02T15:58:57.447742,2025-10-02T16:09:24.941013
C_8,Инкремент,"Минимальная завершённая единица работы или развития, которая создаёт измеримую ценность и может быть оценена независимо. Содержит чёткие границы начала и завершения, критерии готовности и конкретный результат. В контексте карьеры представляет собой атомарный шаг прогресса, который можно выполнить за ограниченное время и получить обратную связь.","Структурирование работы и развития на управляемые части, обеспечение регулярного прогресса и возможности корректировки курса. Позволяет измерять продвижение, получать быструю обратную связь и поддерживать мотивацию через видимые результаты.",draft+filled,Артефакт,Завершение одного модуля курса; Написание статьи от идеи до публикации; Освоение конкретного навыка с демонстрацией; Выполнение недельного спринта; Создание рабочего продукта по критериям приёмки,relates_to:C_20; relates_to:C_44; relates_to:C_51; relates_to:C_33,2025-10-02T15:58:57.448239,2025-10-02T16:09:36.597984
C_9,Интенсивность эмоций,"Степень выраженности эмоциональных реакций на карьерные события, изменения и вызовы. Включает силу переживаний, их продолжительность и влияние на принятие решений. Может варьироваться от слабых фоновых ощущений до острых эмоциональных всплесков, влияющих на работоспособность и выбор действий.","Помогает отслеживать эмоциональное состояние для принятия взвешенных карьерных решений, управления энергией и выбора подходящего времени для важных переговоров или изменений в работе.",draft+filled,Характеристика,Сильное волнение перед собеседованием; Эмоциональное выгорание от рутинных задач; Воодушевление от нового проекта; Тревога при смене роли; Радость от признания результатов,relates_to:C_29; relates_to:C_39; relates_to:C_32,2025-10-02T15:58:57.448703,2025-10-02T16:09:47.059011
